gender,name,name_title,name_first,name_last,location,location_street,location_city,location_state,location_postcode,email,login,login_username,login_password,login_salt,login_md5,login_sha1,login_sha256,dob,registered,phone,cell,id,id_name,id_value,picture,picture_large,picture_medium,picture_thumbnail,nat
female,mrs,cindy,douglas,"1567 w 6th st","west jordan","south carolina",11335,cindy.douglas@example.com,tinylion463,4242,hgMXNOU4,e50704f629aeccc458fb95c3d309e4c1,2b2b041472888e67e44e96e9ed5991f56ff0322a,ae5a4a948f410d4bc4b2be5a514d59136465bc72e6c8d96a4139f8a5ba5c606c,"1977-01-01 01:07:37","2010-12-06 16:38:41",(375)-794-7138,(643)-612-4217,SSN,673-94-6938,https://randomuser.me/api/portraits/women/91.jpg,https://randomuser.me/api/portraits/med/women/91.jpg,https://randomuser.me/api/portraits/thumb/women/91.jpg,US
male,mr,hugo,berg,"6745 goethestraße",euskirchen,sachsen-anhalt,92245,hugo.berg@example.com,crazyrabbit963,quest,DWos5Ez5,6ab70ed6912cebe5dbf0f79879787cc7,339a3e84a383ce5882780c2300b005941471203f,ca4bcfccf0536451b6b908af60d389c495a9f6a4a1b437facbd60e698f19b073,"1973-10-31 03:03:23","2002-11-11 11:58:12",0798-5853810,0174-1020534,,,https://randomuser.me/api/portraits/men/43.jpg,https://randomuser.me/api/portraits/med/men/43.jpg,https://randomuser.me/api/portraits/thumb/men/43.jpg,DE
female,ms,kelly,oliver,"4972 main road",chester,northamptonshire,"GX3W 3FE",kelly.oliver@example.com,purpledog897,hermes,RcQrWbq5,f289cf27714493a0b210c470c38cd66b,5d0f8b02b01d40206c33161a12a94a3afbb40b6b,edeb49c98b4d7bd289a04968bd2bcb2f704db9ce0d33f3478431d8700ac0fbb5,"1967-02-12 17:55:02","2003-11-21 12:56:35","019467 69832",0760-634-545,NINO,"KG 04 54 46 C",https://randomuser.me/api/portraits/women/45.jpg,https://randomuser.me/api/portraits/med/women/45.jpg,https://randomuser.me/api/portraits/thumb/women/45.jpg,GB
male,mr,nathan,boyd,"9161 the grove",stirling,essex,"S0 4WG",nathan.boyd@example.com,crazybird188,qwerty1,JOBCUdRn,40c6a680a93fdeb36ff99d77e9c4e042,01255538463c591b03fcee5da5ca60a0c42c61a4,28cbd97e009c839bc35eeb10fa7369cf0a595bcf5dc6c37161808f96871cf762,"1959-05-29 14:43:19","2003-05-15 10:58:35","0131 004 5726",0763-150-692,NINO,"OM 46 65 29 F",https://randomuser.me/api/portraits/men/69.jpg,https://randomuser.me/api/portraits/med/men/69.jpg,https://randomuser.me/api/portraits/thumb/men/69.jpg,GB
male,mr,nico,binder,"1344 gartenstraße","offenbach am main",baden-württemberg,17214,nico.binder@example.com,whitesnake628,joanna,TDvlTaoP,540d0a6b689bdf488a524c0fa2bcd6a5,83995e671a389b79102751882a618bcf2c06c9dc,634f194f697db7b6c760b750b2d9c255897154e91be5484a41c51c96c04de573,"1984-09-13 10:18:45","2014-02-13 08:49:37",0232-3296486,0174-5475755,,,https://randomuser.me/api/portraits/men/81.jpg,https://randomuser.me/api/portraits/med/men/81.jpg,https://randomuser.me/api/portraits/thumb/men/81.jpg,DE
male,mr,jakob,hoppe,"4764 burgstraße",mayen-koblenz,berlin,59143,jakob.hoppe@example.com,smallostrich266,idontknow,ysSE3bwt,f7cc9e2fd16735ac058e91952ab00e85,858347524ca1efe2a462367ca9ef23caa6779426,429dedd9f9d185484156a084881be928fea83f17cd49bb5d51c2742d4942378f,"1979-09-15 06:05:40","2005-05-22 00:14:17",0114-7251812,0178-5635540,,,https://randomuser.me/api/portraits/men/71.jpg,https://randomuser.me/api/portraits/med/men/71.jpg,https://randomuser.me/api/portraits/thumb/men/71.jpg,DE
female,miss,nina,stoll,"2685 friedhofstraße",tübingen,berlin,43668,nina.stoll@example.com,silverostrich373,estrella,ctp8SAs8,f41bc91beae8c447ce48c0617b0886f7,00f81157140dcc05cf51aceb7c2960d7e3d5b8ea,92c2df6e71be4bfbe4d15f0d3147b7d844385a85e0bed32941af01622265e957,"1958-12-19 18:18:55","2014-06-20 03:18:58",0269-0039078,0172-4541773,,,https://randomuser.me/api/portraits/women/18.jpg,https://randomuser.me/api/portraits/med/women/18.jpg,https://randomuser.me/api/portraits/thumb/women/18.jpg,DE
female,ms,käthe,linke,"2080 ahornweg",haßberge,hamburg,88924,käthe.linke@example.com,redmouse571,melons,MzZpmaeT,62da1cb427f55392c4c3f466d5fb61d6,f8f4bf835363d24f2f559c7f00b4b21ec22a4e5f,d89d3af933c5438fc5ae73169ad8b10a89fb9f3d80ae462cdb96c001adb0863d,"1971-04-29 08:33:30","2014-08-28 14:43:17",0366-8219149,0173-3559527,,,https://randomuser.me/api/portraits/women/61.jpg,https://randomuser.me/api/portraits/med/women/61.jpg,https://randomuser.me/api/portraits/thumb/women/61.jpg,DE
female,miss,delores,torres,"5408 washington ave",salinas,vermont,12765,delores.torres@example.com,smallbear333,sixers,LGnR1MmR,b35608cdb90e0a8245de1843fc8fab8f,6088c057f9cb46169620e08116c0db737f8ba390,6732cc3a200d76aba633a2fc4b31b113e91eda852d446cb25677a3dd960e2073,"1946-02-27 03:04:19","2005-08-28 16:03:28",(513)-209-9886,(755)-238-4419,SSN,731-97-6137,https://randomuser.me/api/portraits/women/90.jpg,https://randomuser.me/api/portraits/med/women/90.jpg,https://randomuser.me/api/portraits/thumb/women/90.jpg,US
male,mr,ian,burns,"9784 ranchview dr",rochester,iowa,28254,ian.burns@example.com,beautifullion915,penny1,rtel3o9q,3b83d79993249c1fc88aee3818d423e7,16fe6231ad31ef7e623170e4d3834d0d517f8e19,234295105f8354b6f3ddf459041c163f2ed7c102d5e0577e98b72fb697b7ff0c,"1948-06-17 03:06:45","2004-05-27 03:26:52",(495)-465-1133,(007)-636-5933,SSN,000-07-8399,https://randomuser.me/api/portraits/men/38.jpg,https://randomuser.me/api/portraits/med/men/38.jpg,https://randomuser.me/api/portraits/thumb/men/38.jpg,US
male,mr,eugene,castillo,"7100 station road",inverness,derbyshire,"ZV0 6ZS",eugene.castillo@example.com,goldenelephant860,1980,b8ZUh8B6,c370605121c205a267fdd8c9a06a06e9,6d55e91eac32b355bccb35ebcf5541ade186968e,5409d513c6ebea7dc3234f52773ce61000d39e8c381748ae832c0be537ed6898,"1985-09-24 20:15:05","2003-03-21 06:30:06","017683 94465",0775-113-239,NINO,"XP 36 63 94 A",https://randomuser.me/api/portraits/men/3.jpg,https://randomuser.me/api/portraits/med/men/3.jpg,https://randomuser.me/api/portraits/thumb/men/3.jpg,GB
male,mr,otto,baier,"1636 bergstraße",peine,baden-württemberg,97903,otto.baier@example.com,bluelion209,passpass,ZpIFPKMe,e3ed8c103e5bb0c0ae7e71a02da12764,8ea4f2f8e37a232245e440ade0100bd6ff3dad19,898a2c949719b91777ea82a10bbf1e7f745bd2f6283f52bc38b22c10ae1a2339,"1983-08-26 23:45:09","2016-06-10 16:12:57",0226-1888546,0172-7596721,,,https://randomuser.me/api/portraits/men/48.jpg,https://randomuser.me/api/portraits/med/men/48.jpg,https://randomuser.me/api/portraits/thumb/men/48.jpg,DE
male,mr,brett,murray,"6577 wheeler ridge dr",nashville,pennsylvania,79843,brett.murray@example.com,greenmouse757,chris,QG4PPxcZ,7f8055d4b0326697335a0e0fce320fd7,69d2db6ae4d92c1a1923d01a7eee23cb704200ca,f31db0ce458be04bb590bcc6c0d3534cfcc3020b3719df75d4094b720823bd64,"1986-12-13 16:30:04","2015-02-23 18:45:03",(711)-595-6041,(243)-894-6051,SSN,650-53-0971,https://randomuser.me/api/portraits/men/14.jpg,https://randomuser.me/api/portraits/med/men/14.jpg,https://randomuser.me/api/portraits/thumb/men/14.jpg,US
male,mr,owen,cox,"4292 w campbell ave","new york","new hampshire",52889,owen.cox@example.com,bigrabbit886,vvvvv,5ORrED1q,55c85dc7ecf9ea898dcef2bc6ff18ab0,0a58827596415f69b713cebdea83acf4e87bd375,51fbf0fa616576b2cdb31657f423e1fcebd6ef9871ae46e9666851bba5a5aba7,"1951-10-13 01:50:22","2016-07-25 01:32:58",(237)-666-9053,(062)-255-0577,SSN,002-88-8250,https://randomuser.me/api/portraits/men/75.jpg,https://randomuser.me/api/portraits/med/men/75.jpg,https://randomuser.me/api/portraits/thumb/men/75.jpg,US
female,miss,natalie,willis,"8417 e pecan st",rochester,wisconsin,87837,natalie.willis@example.com,beautifulmeercat544,oakland,hRcUTObN,f8a17711010b1295e4cc8c725f04e26b,0c6cc9c86c0d001c124666c2cb5eb6a69d6842f4,5ab93a3d90913d06c892cda8f3383a7b817bd1fcdf1969b770dfc9a34096814f,"1981-09-06 17:42:12","2014-04-14 05:52:49",(975)-224-7984,(325)-720-0378,SSN,546-94-5203,https://randomuser.me/api/portraits/women/53.jpg,https://randomuser.me/api/portraits/med/women/53.jpg,https://randomuser.me/api/portraits/thumb/women/53.jpg,US
female,ms,diana,thompson,"5697 grove road",salford,durham,"I47 4HZ",diana.thompson@example.com,organicbird837,ducks,lPZX4Zub,be6b607e8d26e6372e1e3b8139bf53cc,87c1ced12356e3fb77adcb624fbe77b984c0e123,4626b629e2d05f3115193e714397749ce0eeee29bde61425f9e6e713dabd75b2,"1961-01-01 13:08:25","2009-07-27 08:57:13","016977 39380",0791-410-731,NINO,"LE 86 03 35 L",https://randomuser.me/api/portraits/women/76.jpg,https://randomuser.me/api/portraits/med/women/76.jpg,https://randomuser.me/api/portraits/thumb/women/76.jpg,GB
male,mr,valentin,weber,"1267 lindenstraße",kaufbeuren,saarland,23552,valentin.weber@example.com,bigmeercat574,shell,dKAu3N8F,ebe5586fec1dd42ea5022829715206aa,338cfea95cc538fc4d8ef9ee8b8d8c6450a47fa6,3b05a375938ee9d69287d59e57124e4efccebd15e54623b7748d3ccfc9d6d3c7,"1966-11-14 09:12:40","2015-11-16 01:40:51",0647-8074648,0174-8790222,,,https://randomuser.me/api/portraits/men/71.jpg,https://randomuser.me/api/portraits/med/men/71.jpg,https://randomuser.me/api/portraits/thumb/men/71.jpg,DE
male,mr,glen,berry,"5517 w pecan st",oceanside,georgia,42531,glen.berry@example.com,blackbird784,jagger,eBJvr089,e430a988845db58249bbb151bd45d498,8c6159b37be7ed5cbc6414ed2987505318ddfb13,e8fe2cc59838a5752aae64cbfecbf90a0f15864aa1faf770991762680fa35af6,"1948-12-18 18:14:04","2007-11-14 21:48:50",(879)-724-2834,(077)-123-3724,SSN,388-78-2349,https://randomuser.me/api/portraits/men/72.jpg,https://randomuser.me/api/portraits/med/men/72.jpg,https://randomuser.me/api/portraits/thumb/men/72.jpg,US
female,mrs,kassandra,brandt,"1998 lindenweg",lippe,niedersachsen,24067,kassandra.brandt@example.com,ticklishpanda477,alpine,rSf7o499,4284534d798a881c032863d3a0c7269b,7b24e73310643c6b8e6bfc6f8ea76a5741160590,1d3e61f1fdce2526add26debe326f177b05b845b2633b5d0fab6e500c959d031,"1959-06-05 19:09:24","2005-01-19 16:30:31",0245-5487314,0175-5823756,,,https://randomuser.me/api/portraits/women/88.jpg,https://randomuser.me/api/portraits/med/women/88.jpg,https://randomuser.me/api/portraits/thumb/women/88.jpg,DE
male,mr,mathew,arnold,"7027 karen dr",fremont,montana,66296,mathew.arnold@example.com,goldenbutterfly810,slave1,x82kzuJC,2fdb9ff92bbd82cc0c68ad5c381664a9,7faa0f11616fbdc5ec197eeff09e99338849160c,8c6d6c37d81d13b6a671faf51bff0e40caaaebaa337f43b20899d64c0c4eb176,"1956-08-29 22:51:43","2007-02-04 21:56:58",(028)-766-3240,(328)-828-9396,SSN,155-40-9621,https://randomuser.me/api/portraits/men/96.jpg,https://randomuser.me/api/portraits/med/men/96.jpg,https://randomuser.me/api/portraits/thumb/men/96.jpg,US
male,mr,dominik,wilke,"1963 hauptstraße",donau-ries,hessen,24840,dominik.wilke@example.com,silverdog232,garage,wi1V1cr8,fd0a25f5b3ada3559c7f0449dbd7c9fc,3a87db1defc43ae01c1a0b8eac54bf1911a2289f,19d1f4003ca562a9963267fe15f368ff1cc1dac7e3793c0c866a23cf390d1f46,"1973-01-26 14:30:44","2010-11-02 15:20:32",0074-2186123,0174-4155830,,,https://randomuser.me/api/portraits/men/21.jpg,https://randomuser.me/api/portraits/med/men/21.jpg,https://randomuser.me/api/portraits/thumb/men/21.jpg,DE
male,mr,wyatt,frazier,"8272 camden ave","fort wayne",idaho,97181,wyatt.frazier@example.com,tinyladybug821,captain1,IsUJj1O4,99722f1df45b1a36773319c2a709a049,ddf048d853464762141b0c730260c9855d37cb8e,54fbeb57538730dd1b327d87e20d4d0a0b6ec8999158af7e12b4bfef94a09fb7,"1987-12-14 19:59:59","2002-05-04 03:37:21",(982)-324-3405,(190)-273-6677,SSN,733-80-2218,https://randomuser.me/api/portraits/men/38.jpg,https://randomuser.me/api/portraits/med/men/38.jpg,https://randomuser.me/api/portraits/thumb/men/38.jpg,US
male,mr,andre,beyer,"2722 schulweg",recklinghausen,hessen,33876,andre.beyer@example.com,crazyladybug146,pyramid,46D0S7i9,c3ad43080f5daafdddcba038acdf8793,511002e712584e6abdad61ec7c8e532a5df2b142,4c4112f95a571e7c4f294e53d0134faa87c431a346cdf0464d1d0928dd380aec,"1960-08-07 01:09:41","2006-05-20 13:44:06",0651-9433017,0173-4147914,,,https://randomuser.me/api/portraits/men/94.jpg,https://randomuser.me/api/portraits/med/men/94.jpg,https://randomuser.me/api/portraits/thumb/men/94.jpg,DE
male,mr,dale,may,"9937 lakeview st",paterson,texas,58916,dale.may@example.com,whitepanda645,evelyn,jj5FgDu1,c5b9060114d12d6b45722e0f9ebfc351,48e34744bfbc14ee4b9326c869018cc3a3c9072a,3ac7384b92d098c7a2cf96b75e879aebca34bf9b098de4b3b97db0d2336ed848,"1951-11-20 07:07:10","2010-06-05 07:23:56",(333)-046-4907,(612)-849-5705,SSN,355-40-3189,https://randomuser.me/api/portraits/men/32.jpg,https://randomuser.me/api/portraits/med/men/32.jpg,https://randomuser.me/api/portraits/thumb/men/32.jpg,US
female,mrs,natalia,heinrich,"3965 feldstraße",stollberg,berlin,14332,natalia.heinrich@example.com,browntiger922,oxygen,HKmgkt8Z,5bb03f5c8fee0a62f0ecfc6b0ec2e6d8,04f4dbf56affb03f7b48a5356b0148ba55c9d0c3,fd2fc0bb1b30dbe6750eed2b1ed7dd107192d59490f51edce7b52caf95256281,"1966-11-04 02:38:06","2011-03-11 18:42:42",0462-0981605,0176-1610143,,,https://randomuser.me/api/portraits/women/52.jpg,https://randomuser.me/api/portraits/med/women/52.jpg,https://randomuser.me/api/portraits/thumb/women/52.jpg,DE
male,mr,tracy,vasquez,"3751 dane st",nashville,"new mexico",73293,tracy.vasquez@example.com,smallbutterfly532,hannibal,GpfvY2td,a9acc9a1429b8a3eddb9d370f578b437,ff2f3ce59f71c71d8396d7b7b24046c8206a04ae,8529a47fced41ba99ff69e3c947c6bddad840f469fda87f996f6a074e2f1723b,"1986-05-20 07:59:51","2009-04-10 02:13:56",(862)-954-8338,(403)-113-0020,SSN,882-91-8498,https://randomuser.me/api/portraits/men/70.jpg,https://randomuser.me/api/portraits/med/men/70.jpg,https://randomuser.me/api/portraits/thumb/men/70.jpg,US
female,ms,katja,peters,"5216 blumenstraße",altötting,sachsen,71568,katja.peters@example.com,tinybear470,patrick1,S6LQCXJk,7e0788a67d68d2b1ac1a8c75abeeed83,c2f2ea877ad6c1ee0390d2b414cd54d565b6a6b3,b9843ff2a46e5ed82d54da40204a94e1d9f55d561887f890c633370c4de4de0b,"1963-02-07 01:44:04","2006-06-20 11:30:03",0741-1191020,0170-2227422,,,https://randomuser.me/api/portraits/women/69.jpg,https://randomuser.me/api/portraits/med/women/69.jpg,https://randomuser.me/api/portraits/thumb/women/69.jpg,DE
male,mr,juan,perez,"8090 parker rd",fresno,vermont,23760,juan.perez@example.com,blueduck970,doghouse,lCATnFpa,61937288239a4d34560341ab3f14dd03,3b37a59d1674c4113c5641fe83694f441105d033,11cc8ae4cb307e05cc50f9c3328a206d794042f76bcd55eef199e12e3e46a532,"1974-02-09 09:50:28","2010-05-18 19:30:18",(214)-315-7830,(541)-859-2565,SSN,407-39-2046,https://randomuser.me/api/portraits/men/13.jpg,https://randomuser.me/api/portraits/med/men/13.jpg,https://randomuser.me/api/portraits/thumb/men/13.jpg,US
male,mr,henning,klose,"5215 kapellenweg",leverkusen,rheinland-pfalz,88359,henning.klose@example.com,yellowmeercat815,kahuna,JRocdgBC,d2a465343fb461edf11a92d2c9dce8f0,a247a20f0f07314925604fd8ad5b680edca78963,a91bc3dcd257f1faa7652d752b259b50c915eef3ee1781342915ba1206461f75,"1978-05-19 04:38:29","2005-09-02 06:18:31",0839-4662710,0178-1363069,,,https://randomuser.me/api/portraits/men/57.jpg,https://randomuser.me/api/portraits/med/men/57.jpg,https://randomuser.me/api/portraits/thumb/men/57.jpg,DE
female,ms,elena,schmid,"8523 amselweg",fulda,thüringen,78491,elena.schmid@example.com,purplefish612,puffer,bo8RlYBg,d4991b895f92d56ce846abc86008cecc,c5b2d3316160f84102c15d59fff817b7255a91fa,9010f47eada07b0408f49dfb85a755a0c45d5e05e17f7e77e459e0351fa399cd,"1969-10-06 18:30:27","2015-07-11 13:36:49",0267-2912499,0173-2450286,,,https://randomuser.me/api/portraits/women/84.jpg,https://randomuser.me/api/portraits/med/women/84.jpg,https://randomuser.me/api/portraits/thumb/women/84.jpg,DE
male,mr,stephen,byrd,"8627 n stelling rd",hollywood,connecticut,42115,stephen.byrd@example.com,goldenwolf818,tommy,51TIdIpx,6b6a637b045e786272ed76809e9466f0,c7c3ccef2cf20b931f02a920b7f19df02b1e8950,e41a6d7df72ad8b63985360f9c0dc8d98ddd42bc7d03a3a398b3e852084061b0,"1955-02-18 15:10:41","2011-05-02 13:41:55",(722)-099-9165,(760)-127-5511,SSN,318-43-4906,https://randomuser.me/api/portraits/men/58.jpg,https://randomuser.me/api/portraits/med/men/58.jpg,https://randomuser.me/api/portraits/thumb/men/58.jpg,US
female,ms,mary,willis,"4260 the drive",carlisle,"county tyrone","OA18 8RN",mary.willis@example.com,goldenleopard543,cyrano,gHeWbiWj,6b6ab5ff31bde87e05f54f6670aa82d5,85933ae033b659c4f98b60647d371de8f78a3a5b,3a9d5dbd72f2e975dff50555ed779c2bc606895dfb94dcfaa7a3fae8d5ba3eea,"1951-12-03 15:22:53","2006-10-17 11:48:30","013873 16283",0725-609-297,NINO,"EE 13 19 43 B",https://randomuser.me/api/portraits/women/10.jpg,https://randomuser.me/api/portraits/med/women/10.jpg,https://randomuser.me/api/portraits/thumb/women/10.jpg,GB
female,mrs,barb,hudson,"3545 chester road",lichfield,"west midlands","L6U 4NA",barb.hudson@example.com,smallmouse711,pppppp,uSZSkiWR,23030e057b4ec7ee68156f27c630d030,a0b5e07e6fe211d5e67daeafc417f3353daaa4e2,f14765d4a5ea20a6dce1556f53d867b14dd09e7271a83418daf34a7149ba8931,"1946-05-23 14:36:40","2007-03-12 23:01:40","015242 97578",0774-073-607,NINO,"XB 64 30 22 A",https://randomuser.me/api/portraits/women/88.jpg,https://randomuser.me/api/portraits/med/women/88.jpg,https://randomuser.me/api/portraits/thumb/women/88.jpg,GB
male,mr,melvin,hansen,"2853 cherry st","simi valley",idaho,14650,melvin.hansen@example.com,silvermouse591,scrapper,kIfH6xaJ,5d2c58cdacb0d112dcef0e8a6f215e37,299088a17446f231c3374882729826ffdc547bff,c001116a457fb82ddb27fc8e4db4e8bd1f1dab7136847066b0b456fef39dcca6,"1987-09-17 14:48:17","2004-10-27 13:52:10",(375)-610-3775,(301)-822-0868,SSN,284-27-8280,https://randomuser.me/api/portraits/men/79.jpg,https://randomuser.me/api/portraits/med/men/79.jpg,https://randomuser.me/api/portraits/thumb/men/79.jpg,US
male,mr,adrian,king,"7182 north road",truro,shropshire,"GO0 7UB",adrian.king@example.com,browndog120,benny1,4Rc4D2o3,6f011595a9e253b5dcef6fcab455c635,f50d4e901935205c98e24fe43427ee07a1cc7415,5cb051c56361e4033784e7e15f09a804c690dd3683891e545ee60f05cfd659ce,"1957-04-06 04:56:22","2014-01-03 21:22:59","015396 43060",0796-912-199,NINO,"AL 41 81 13 W",https://randomuser.me/api/portraits/men/65.jpg,https://randomuser.me/api/portraits/med/men/65.jpg,https://randomuser.me/api/portraits/thumb/men/65.jpg,GB
male,mr,jonah,henkel,"7941 tulpenweg",stuttgart,bremen,11668,jonah.henkel@example.com,ticklishduck563,bbbbbbbb,MPc7qQY4,c7390b8a2a3a79ab6fe191c394e5b314,c1feb059093f226731ae91a340a4a41474ffaa1a,1e15d1ca56e8f890f8ec657cb83f40884a253ffee2773b5f202c34a55d3dd2a9,"1970-11-29 04:26:09","2014-08-12 18:09:36",0711-3187971,0174-7660425,,,https://randomuser.me/api/portraits/men/86.jpg,https://randomuser.me/api/portraits/med/men/86.jpg,https://randomuser.me/api/portraits/thumb/men/86.jpg,DE
male,mr,phillip,henderson,"8589 york road",wolverhampton,worcestershire,"OR0 0AH",phillip.henderson@example.com,whiteleopard177,play,Z2G5aiXK,745f9e2767e65beb742f8f584c44880d,28c808f7f0958e56c7f2270ccbeb0142b1c38a03,0da52bad345c317db10bbcc275cd8f358fe73657f14325ecc57ae10d4c88dd6d,"1946-12-29 11:06:56","2010-08-17 01:29:52","028 7453 4386",0781-259-471,NINO,"HK 43 21 28 X",https://randomuser.me/api/portraits/men/31.jpg,https://randomuser.me/api/portraits/med/men/31.jpg,https://randomuser.me/api/portraits/thumb/men/31.jpg,GB
male,mr,david,hansen,"7352 schillerstraße",bochum,brandenburg,54874,david.hansen@example.com,blueswan368,tinkerbe,vkslDDKV,138b884266f6a9f444dcdcbc23b84e7e,9c378f5acef2b91a6bf77091eca98c7c4f26acee,fec12f08129e41510c0dd2d6345607a1023818ad94a2a76e6ffc835ab31d1ad6,"1947-10-02 05:26:14","2013-04-04 04:44:16",0912-6767502,0176-7939388,,,https://randomuser.me/api/portraits/men/25.jpg,https://randomuser.me/api/portraits/med/men/25.jpg,https://randomuser.me/api/portraits/thumb/men/25.jpg,DE
male,mr,ethan,mendoza,"5818 west street",lisburn,staffordshire,"Z33 0SF",ethan.mendoza@example.com,orangedog183,yahoo,3XGyAMe4,19b2fa147c7dce5d4f3d953737d5d2ac,1dc3f3c96284585d318121093658e69cfe5e5071,2ba7ae26abf6459a8a2f102ca99834b89ab18eab563b840121c3a3b843382eb7,"1988-04-16 15:30:20","2009-04-24 16:05:10","015394 70514",0712-413-597,NINO,"GR 98 83 21 N",https://randomuser.me/api/portraits/men/55.jpg,https://randomuser.me/api/portraits/med/men/55.jpg,https://randomuser.me/api/portraits/thumb/men/55.jpg,GB
female,mrs,lillian,wilson,"7596 park road",chichester,essex,"Y6 4SX",lillian.wilson@example.com,orangeostrich413,smackdow,dnQKKt6i,dee2678d49631f0fb4ed67cd4c366cd7,00ab9d1023711485b47aeea0a5acf5f16155208b,569caa92b233bc3e15f99ae7d2efdbe8c9ae08cee1f26e176d4989fa0daa3606,"1947-10-05 23:29:42","2015-07-13 20:15:32","016977 3043",0755-984-853,NINO,"HY 55 58 78 V",https://randomuser.me/api/portraits/women/82.jpg,https://randomuser.me/api/portraits/med/women/82.jpg,https://randomuser.me/api/portraits/thumb/women/82.jpg,GB
female,mrs,abby,bell,"1556 highfield road",gloucester,humberside,"R1U 8WE",abby.bell@example.com,greenmouse452,popopo,nvVOkgGE,0563dddfa9432ffe3b7e4bc4230f687e,9920d292bfda282893196c30f0c3672a7df696c2,2a63e1e8814caee8cb635ab17fa1b2600bba29d8db03773a51f6131c9d199724,"1973-11-14 14:16:32","2006-08-11 02:05:50","016974 54988",0763-383-467,NINO,"HL 49 10 08 V",https://randomuser.me/api/portraits/women/27.jpg,https://randomuser.me/api/portraits/med/women/27.jpg,https://randomuser.me/api/portraits/thumb/women/27.jpg,GB
male,mr,connor,jones,"3348 new street",wolverhampton,central,"J84 6SU",connor.jones@example.com,orangetiger833,enjoy,7o58aOlv,d880150d3115ae0330f370b42d7a93b2,3fd53a4ffee1e65061041046b3f12e6634f03ddd,30cf0f3944545067b903bbe01f1b5dd1c03c2f37d8858c1a4060d44c0ed3261b,"1971-09-04 01:57:36","2012-10-18 12:26:14","017687 63844",0717-732-606,NINO,"BK 06 56 96 O",https://randomuser.me/api/portraits/men/59.jpg,https://randomuser.me/api/portraits/med/men/59.jpg,https://randomuser.me/api/portraits/thumb/men/59.jpg,GB
female,ms,diana,sims,"9933 stevens creek blvd",palmdale,wyoming,88907,diana.sims@example.com,blackleopard990,spectre,UQZyw9S0,282ad07b77b6717ea1ed376601595eff,7ca8c9abf97493b23707e33f46a0907a856018ae,0f430644a0690b2f76056094ad4ed59bb9bd953430f755cd6a9f570e83a4aa4d,"1960-07-27 20:31:41","2012-06-30 15:01:38",(003)-784-3496,(574)-220-5129,SSN,124-42-5946,https://randomuser.me/api/portraits/women/79.jpg,https://randomuser.me/api/portraits/med/women/79.jpg,https://randomuser.me/api/portraits/thumb/women/79.jpg,US
female,ms,phoebe,hamilton,"2940 york road",coventry,avon,"O7 2YS",phoebe.hamilton@example.com,heavydog856,jiao,LJrgOB00,459ea18b17f1017bab8ce5941a5b3526,b190f609818ec62dff5ffa33c5f4e656dabedd05,ebd9fc7206b171c26a3ae854344201919608b096e8c290dde1da47719c767f70,"1950-11-09 06:43:32","2011-07-12 17:39:33","0101 692 7085",0753-086-621,NINO,"HN 78 07 47 F",https://randomuser.me/api/portraits/women/21.jpg,https://randomuser.me/api/portraits/med/women/21.jpg,https://randomuser.me/api/portraits/thumb/women/21.jpg,GB
female,ms,lisa,hermann,"9609 marktplatz",böblingen,niedersachsen,94798,lisa.hermann@example.com,lazypeacock435,hippo,SCy4CU58,6219019b4c704d86674d4695a014ae7e,ed53bb5a7871b7f9b85cf610a83ee51e97a962f3,8e1f7bcf029eea37738e74879b2d1ba5af90e5712c7e97b9730d54efa0eee460,"1982-10-19 14:23:41","2010-05-25 12:02:23",0726-4883711,0176-3555565,,,https://randomuser.me/api/portraits/women/48.jpg,https://randomuser.me/api/portraits/med/women/48.jpg,https://randomuser.me/api/portraits/thumb/women/48.jpg,DE
female,ms,estelle,rudolph,"6392 gartenweg",alzey-worms,hessen,38086,estelle.rudolph@example.com,goldenbird823,arnold,GV7DE7JF,ff6946f75bd60d91ee824a9e142965af,cdf83fca6cbd59a9e07f39f27897f2691271046d,a67c057ab4f4fc15f00721669e863349a95e31012836000befafef76c5167701,"1957-01-03 02:58:22","2010-08-04 23:45:03",0933-0227755,0175-3902954,,,https://randomuser.me/api/portraits/women/2.jpg,https://randomuser.me/api/portraits/med/women/2.jpg,https://randomuser.me/api/portraits/thumb/women/2.jpg,DE
female,mrs,nina,lehmann,"5226 uhlandstraße",greiz,berlin,15806,nina.lehmann@example.com,orangebutterfly105,brucelee,spnd0o4z,e45ed304dc8a14c96b97f727928c08fd,a28f55adc129bf32529a0ff024eb7d1340d62344,dc88fa987900fb410bb27f2fcbbb8e93e495f3078cb7580d1048196868daabef,"1965-02-26 13:56:08","2011-01-16 20:41:57",0204-1596613,0172-7157841,,,https://randomuser.me/api/portraits/women/7.jpg,https://randomuser.me/api/portraits/med/women/7.jpg,https://randomuser.me/api/portraits/thumb/women/7.jpg,DE
male,mr,mike,brooks,"8263 adams st",birmingham,"north dakota",64303,mike.brooks@example.com,smallfrog992,pass123,WbnhUAFY,bd6e444ae7a513e21c59f2388786a6c8,9096e59bd808a0a85cc77a58efa23dbc4a9fa2fd,3d8e66f0a87992bc7d06c2ad4a56ba8bf544c1926c622e34cf058319f58b3c49,"1968-03-03 15:03:45","2011-12-27 15:49:00",(099)-992-0973,(101)-696-5908,SSN,736-45-0187,https://randomuser.me/api/portraits/men/46.jpg,https://randomuser.me/api/portraits/med/men/46.jpg,https://randomuser.me/api/portraits/thumb/men/46.jpg,US
male,mr,marko,stadler,"4284 friedhofstraße",neuss,berlin,79918,marko.stadler@example.com,organiclion742,bernard,69pjhFnI,0b4ba7fa65e0fed3bbcfeaaeab8cad5c,e1d8f77921164a07125d7fe123a519f3f1f5430c,1bde2741a7baf94618eca4879f7fd2b4fc6d9fd5dd4ee55e5e4332c5a5cb3f20,"1968-07-08 16:32:28","2009-04-11 05:26:26",0155-3098538,0173-3397418,,,https://randomuser.me/api/portraits/men/18.jpg,https://randomuser.me/api/portraits/med/men/18.jpg,https://randomuser.me/api/portraits/thumb/men/18.jpg,DE
male,mr,gregor,witte,"1890 breslauer straße",dresden,berlin,33575,gregor.witte@example.com,orangesnake412,pearson,IksKbF9S,d1a5d9f0899a839ca0ad6d2599a17a43,a910fd2c79c5274de8578ae1c3920cd05e8dfe09,aca2a586c09366fac5bf9a6d3cdf177d241f4fff4d2fdb93cb8f4b4928e41c5b,"1955-03-18 00:14:34","2006-01-19 05:08:18",0564-2918060,0175-7429361,,,https://randomuser.me/api/portraits/men/68.jpg,https://randomuser.me/api/portraits/med/men/68.jpg,https://randomuser.me/api/portraits/thumb/men/68.jpg,DE
male,mr,leo,ford,"1467 victoria road",sheffield,"isle of wight","D9Y 5GR",leo.ford@example.com,silvergorilla104,belle,BEBI9WrA,fb9e0583705bb5d9e742b60364b44fdd,6b3ad3f907386f107aea27ee3699df6e2fb13c5c,6182666403d98b79316d554907fb69ee795a5cd4abdda634c51d1322617ec602,"1962-11-13 04:27:22","2011-10-11 05:14:26","015395 92704",0765-358-686,NINO,"KJ 50 75 07 O",https://randomuser.me/api/portraits/men/51.jpg,https://randomuser.me/api/portraits/med/men/51.jpg,https://randomuser.me/api/portraits/thumb/men/51.jpg,GB
female,mrs,marian,cox,"8195 w dallas st",mckinney,"new hampshire",48802,marian.cox@example.com,redtiger404,debra,6TfJv44r,d0fa11fd8a77f3d002be8489b9612ced,54d78b449254b7ca33335865007f5677cb218a5d,ce43d282bcee692ae713bf9b471f9a8edf7ee66f9cf54abd4f95cdd9ebab3d6c,"1967-07-10 08:44:30","2003-06-04 03:28:51",(015)-608-0433,(830)-235-6051,SSN,729-05-1116,https://randomuser.me/api/portraits/women/51.jpg,https://randomuser.me/api/portraits/med/women/51.jpg,https://randomuser.me/api/portraits/thumb/women/51.jpg,US
female,miss,tara,schulte,"7337 brunnenstraße",ostallgäu,baden-württemberg,22934,tara.schulte@example.com,organictiger439,paint,1bzn3Kmj,34e089d5f7f1a3395b6018776958c54e,ca4638fce11c0167a43d8d13bd061f0f320ee1de,56a8284e4a04005c8c4e26838729a649960f10e24533c07402fc561b80cb18e3,"1984-11-11 20:36:15","2004-05-12 15:48:18",0443-6260647,0177-7002680,,,https://randomuser.me/api/portraits/women/91.jpg,https://randomuser.me/api/portraits/med/women/91.jpg,https://randomuser.me/api/portraits/thumb/women/91.jpg,DE
male,mr,ralph,little,"6142 miller ave",huntsville,wisconsin,60917,ralph.little@example.com,whiteswan625,dawson,7HP19Jz5,590d9e2d3128dd50014c826c1e9d7abc,7130fb184973e2c868b0310e8ddc6f648e9d4e3c,f0113c1188d50c1b7a104a39e4f37adbb4e665db2b0703bef6a05abbd4036e77,"1969-04-28 16:38:30","2016-02-03 11:07:13",(418)-216-0846,(388)-880-1189,SSN,371-13-5844,https://randomuser.me/api/portraits/men/9.jpg,https://randomuser.me/api/portraits/med/men/9.jpg,https://randomuser.me/api/portraits/thumb/men/9.jpg,US
female,ms,colleen,gordon,"7740 james st","green bay","new hampshire",36185,colleen.gordon@example.com,goldenpanda807,jjjjj,EKpcqnxt,ce173a91c98ebe2df89901b7e65e3799,e5235f40326d80ac293b5955b5f3eb489deb1a17,3f32d3bb08c8807f9e504b3401f018bb5fcd112e8fe351271a84a4e34af46dab,"1978-07-13 20:50:09","2008-07-14 19:10:53",(513)-877-1551,(638)-547-1049,SSN,551-79-3401,https://randomuser.me/api/portraits/women/35.jpg,https://randomuser.me/api/portraits/med/women/35.jpg,https://randomuser.me/api/portraits/thumb/women/35.jpg,US
male,mr,milton,willis,"3367 the green",sheffield,kent,"E7S 5RL",milton.willis@example.com,browntiger901,steve,sodQMI6P,b8bbc77628fd1554302ea248ff5e424d,c22dbe2649155a59621106b51140172a57357de5,34084557c98a7a3cae8f88ce43d232d6076ba0b6ab816946e3cee5b3ca538c3a,"1965-04-11 10:29:22","2004-01-03 16:55:33","01740 61301",0756-650-868,NINO,"WH 34 65 76 V",https://randomuser.me/api/portraits/men/54.jpg,https://randomuser.me/api/portraits/med/men/54.jpg,https://randomuser.me/api/portraits/thumb/men/54.jpg,GB
male,mr,erwin,pfeifer,"7790 bergstraße",kaufbeuren,brandenburg,29903,erwin.pfeifer@example.com,bluegorilla473,wasabi,ovtkyLxk,409b4044106d2ddaeda3615f954e5fd6,72cf404de99ba81a892991efe7b88ddf2be08502,0c4980495086ec02c65b374c92ef83d516f06c0fc3f5d594fcf0749a411cdd34,"1959-05-03 00:27:01","2004-11-25 15:24:47",0410-6177063,0171-5663076,,,https://randomuser.me/api/portraits/men/62.jpg,https://randomuser.me/api/portraits/med/men/62.jpg,https://randomuser.me/api/portraits/thumb/men/62.jpg,DE
female,mrs,willie,carpenter,"7370 sunset st",philadelphia,"rhode island",46619,willie.carpenter@example.com,bluebutterfly396,xxxxxxxx,Kr8dHxx9,e66ad46584439416e26746ca7b2465ce,43d53dc31a310ae7ef2e8ac14ccb528b081dc594,45208dd915db0727c062680ae3724a03eab50a187b0e77a1df132f2c5576c8e4,"1988-05-23 23:45:39","2002-09-22 16:22:41",(830)-980-4009,(811)-869-9763,SSN,145-85-5280,https://randomuser.me/api/portraits/women/91.jpg,https://randomuser.me/api/portraits/med/women/91.jpg,https://randomuser.me/api/portraits/thumb/women/91.jpg,US
male,mr,tommi,maurer,"9478 kiefernweg","südliche weinstraße",bayern,83872,tommi.maurer@example.com,organicsnake710,redalert,weSQE8PY,5f1211cdcdc5467235009e0f98c2cfe3,298566d274d5604feffe00ee5ddb22a30d5f29ef,4c1b090fe64640aaad4ea1819e47277fb2499f18543d7e718c18b85e34b4c3bf,"1968-02-22 20:08:48","2009-08-07 10:10:06",0120-5393756,0170-1431889,,,https://randomuser.me/api/portraits/men/98.jpg,https://randomuser.me/api/portraits/med/men/98.jpg,https://randomuser.me/api/portraits/thumb/men/98.jpg,DE
female,ms,hanne,adam,"2170 mittelweg",bremerhaven,schleswig-holstein,23433,hanne.adam@example.com,lazyfish476,poiuy,RTFGcYGj,e3f777b0cc680320e8d418d4344ed37d,5db1c9645520d0a9c4ac583027a647be0ce9076c,5ff763c10935681ecfdc4da01475bbc6119c904bde97db0d74bd90ab69af2b52,"1988-08-28 02:26:15","2008-05-30 15:13:20",0598-6398691,0177-6429916,,,https://randomuser.me/api/portraits/women/75.jpg,https://randomuser.me/api/portraits/med/women/75.jpg,https://randomuser.me/api/portraits/thumb/women/75.jpg,DE
male,mr,scott,lowe,"4127 kingsway",leeds,"west midlands","SW66 2BP",scott.lowe@example.com,yellowswan885,rancid,2RBOQbXW,f82c369f1a4f24972b704fbd28f3bb1d,1ddcd0c8841a51ad3614191b3796728e546c1ecc,8d70cdf72033392ed0a93bc8595bfba5ca97089dc2980fbf529852cb7b4290a4,"1954-04-15 20:27:35","2010-12-27 22:53:09","0116639 330 0274",0782-505-653,NINO,"PR 82 69 26 K",https://randomuser.me/api/portraits/men/97.jpg,https://randomuser.me/api/portraits/med/men/97.jpg,https://randomuser.me/api/portraits/thumb/men/97.jpg,GB
female,miss,jasmin,witte,"3086 heideweg",stollberg,schleswig-holstein,62663,jasmin.witte@example.com,purplemeercat513,thecrow,aNezhDu8,b0550b1bc9bdf2b7aab12ece5f9bac2e,946721b7fcbfdb65d4a0aa41b27a77b9c033be69,0ff57f986a877dc3e079324c49f2728bf6aed7d190cfab84308f103a2d35c555,"1956-02-10 03:29:23","2003-07-05 11:54:25",0217-1803814,0179-4667098,,,https://randomuser.me/api/portraits/women/56.jpg,https://randomuser.me/api/portraits/med/women/56.jpg,https://randomuser.me/api/portraits/thumb/women/56.jpg,DE
male,mr,raul,riley,"8740 ranchview dr",concord,"south dakota",13068,raul.riley@example.com,heavykoala409,111111,wg4WCy5Q,82a12066f32ad3670be4486293483daf,c74ea5bb7bc1f0c3bf3fc358e8af37ce825db02c,0ae975d5f17d0b6afe9d9b16eadbc48e608b3169e1cc3ee0e436eeb380ca38df,"1983-09-09 03:08:54","2006-06-05 01:24:19",(653)-184-1193,(557)-720-3080,SSN,116-09-7703,https://randomuser.me/api/portraits/men/59.jpg,https://randomuser.me/api/portraits/med/men/59.jpg,https://randomuser.me/api/portraits/thumb/men/59.jpg,US
female,ms,mathilda,braun,"5931 rosenstraße","landau i.d. pfalz",schleswig-holstein,62674,mathilda.braun@example.com,bluepanda395,chrome,wTvOjlF1,f5b93f1eb78281bf78d30866905be931,b1bc85e1b714026a11f3560038f8d84206e30a75,9b425d068a1b8255f35f48d44a60962df0f2b56c525c068b715a4c37e989e1c9,"1970-06-29 01:49:56","2003-12-18 10:05:19",0391-7700605,0177-2414264,,,https://randomuser.me/api/portraits/women/26.jpg,https://randomuser.me/api/portraits/med/women/26.jpg,https://randomuser.me/api/portraits/thumb/women/26.jpg,DE
male,mr,jose,harris,"4214 photinia ave",vancouver,maine,38816,jose.harris@example.com,bigsnake926,rogers,24MVMkRc,8bd142090b532cdf1cf49a398d487c63,f38485211316b6fdcf1c5039b7b53363de69b0e4,3bb3f1076b66f74347db615f8a07ea58d366e1b4a87be6ec3c205ae9b3c399b9,"1956-05-23 06:15:27","2005-03-12 16:21:16",(332)-179-9096,(264)-183-6525,SSN,861-14-1701,https://randomuser.me/api/portraits/men/67.jpg,https://randomuser.me/api/portraits/med/men/67.jpg,https://randomuser.me/api/portraits/thumb/men/67.jpg,US
male,mr,harold,campbell,"5278 st. john’s road",truro,lincolnshire,"H0M 1BU",harold.campbell@example.com,silvermeercat557,plato,4dCUCB9t,510ce92e435a852607cbe2cf9d2bbc01,f60d643499431238cb30eab16e5175d1ced41065,a23e1d427935b646ddadada85c472e88a583d37320f889ec9a256e58a46f39a1,"1956-06-06 02:14:43","2015-04-08 10:51:04","015242 76459",0766-761-623,NINO,"EB 05 30 32 A",https://randomuser.me/api/portraits/men/0.jpg,https://randomuser.me/api/portraits/med/men/0.jpg,https://randomuser.me/api/portraits/thumb/men/0.jpg,GB
male,mr,melvin,hudson,"1702 brown terrace",caldwell,wyoming,68442,melvin.hudson@example.com,silvermeercat355,baller,s9fG5uBV,e5120eb8f6d384c5ec7ed73828911081,eb09f9e399a7cb3c17e530105a7b0d3d7c933737,2ef9a84eedcaffd5ea1aa8597b51fe2b1d2e32dc944a0c027b51c162d86d76c4,"1968-09-29 09:29:34","2003-06-20 00:43:06",(329)-321-9713,(692)-616-7942,SSN,328-91-7839,https://randomuser.me/api/portraits/men/18.jpg,https://randomuser.me/api/portraits/med/men/18.jpg,https://randomuser.me/api/portraits/thumb/men/18.jpg,US
female,ms,genesis,lawrence,"2682 avondale ave",caldwell,delaware,72976,genesis.lawrence@example.com,tinykoala517,report,RlDVYdI3,024b2b4c29d7e855e5ffede049ad3027,2f66a54d9be7bbc3241fbf70b6a933a42fc88458,2421358d9c5a9bdef19d490a1f026db60a9fe93117d9fa94bf88e87d5c48d275,"1954-10-21 09:10:30","2006-03-28 18:02:52",(922)-704-7802,(529)-695-0650,SSN,679-09-8812,https://randomuser.me/api/portraits/women/76.jpg,https://randomuser.me/api/portraits/med/women/76.jpg,https://randomuser.me/api/portraits/thumb/women/76.jpg,US
male,mr,mika,kramer,"1794 talstraße","zwickauer land",sachsen-anhalt,72625,mika.kramer@example.com,blackkoala660,erica,YnRTewFc,04ced242f53e65c12993674f594bf475,847deb9f0518b92eeaf1459e71974c4f01d3099b,47d7f67843bed827ef2b06655376b8d04506f15ad45e068be0b3184e75f761ac,"1984-12-08 13:43:48","2015-11-30 03:33:29",0999-6001528,0178-4193451,,,https://randomuser.me/api/portraits/men/30.jpg,https://randomuser.me/api/portraits/med/men/30.jpg,https://randomuser.me/api/portraits/thumb/men/30.jpg,DE
male,mr,kevin,schmitt,"1467 kapellenweg",bautzen,niedersachsen,18284,kevin.schmitt@example.com,tinypanda993,camels,uPqJF9Gj,4da876601e7c5226bba1f8fee2b1e27e,2ab0281c726b97f4a67183aa1f7101ed80aeb4df,aa13fbd9b02b933884d21c4f7721f923fc1dfbd4d7b6c16102b6a9649f22fdca,"1961-07-28 10:52:30","2015-09-23 01:51:45",0216-3345899,0171-0177561,,,https://randomuser.me/api/portraits/men/58.jpg,https://randomuser.me/api/portraits/med/men/58.jpg,https://randomuser.me/api/portraits/thumb/men/58.jpg,DE
male,mr,jesus,kennedy,"6203 station road",dundee,nottinghamshire,"SU99 7DA",jesus.kennedy@example.com,goldenkoala740,fields,mkSBDWui,03691801d207b6c218349e7a07915a06,403b16490eb3bbf1c219bfa49305bb19b6d50e18,b6e9d64ea12ab03640fed1584fa17fdd7312298ab1548665ec236f84507fb650,"1954-10-24 00:06:18","2006-09-07 17:11:16","01994 824137",0735-755-733,NINO,"HW 60 06 96 X",https://randomuser.me/api/portraits/men/67.jpg,https://randomuser.me/api/portraits/med/men/67.jpg,https://randomuser.me/api/portraits/thumb/men/67.jpg,GB
male,mr,earl,miles,"4281 albert road",lichfield,cheshire,"Q2C 6TF",earl.miles@example.com,goldenelephant677,gagged,iHM53p9K,22aaba077c1800f86fc7684c7395bfca,c3cf29014a42ff80a1d542cc323aa86469b753a7,ff53d208d7d909a729c9f2fc6ecf60bc4d79ad1728545d0a063a01de46834da9,"1974-11-05 15:51:29","2004-06-02 19:06:00","01816 191718",0735-775-054,NINO,"JS 51 11 99 F",https://randomuser.me/api/portraits/men/53.jpg,https://randomuser.me/api/portraits/med/men/53.jpg,https://randomuser.me/api/portraits/thumb/men/53.jpg,GB
female,miss,viktoria,wiedemann,"6602 bahnhofstraße",burgenland,rheinland-pfalz,28606,viktoria.wiedemann@example.com,lazyladybug544,rocco,iDjy5qhs,afa8ca6e901f4bc118ad2994a7cf29bd,c0c114f364012920a690ad9f836e2f0b23daa8a0,611b2dec6cd3503c89304c17a34fb42554ee12f5d067d4f1b78785f715ef4959,"1956-03-13 08:49:43","2004-06-06 09:12:22",0293-8422660,0170-6508158,,,https://randomuser.me/api/portraits/women/63.jpg,https://randomuser.me/api/portraits/med/women/63.jpg,https://randomuser.me/api/portraits/thumb/women/63.jpg,DE
male,mr,bruce,price,"2833 homestead rd","cape fear",oregon,12817,bruce.price@example.com,organicfish509,flying,5sfLFYAJ,cb72e16c8f72b0fca78a666232297185,e3d1da5994f675413216fbf7f0b55195afc781b6,1df7f5c57ff08e21f92a6fa3d3226faefea7a8fd66d098219f0efc43b4212267,"1980-11-19 15:14:13","2007-03-27 21:55:34",(919)-585-5983,(100)-511-4546,SSN,205-77-5951,https://randomuser.me/api/portraits/men/28.jpg,https://randomuser.me/api/portraits/med/men/28.jpg,https://randomuser.me/api/portraits/thumb/men/28.jpg,US
male,mr,tomothy,fuller,"1235 manchester road",londonderry,"south yorkshire","BT85 4JT",tomothy.fuller@example.com,greensnake149,bear,2djYHMjU,417c8368086814d723fafdd1efbaf95c,5b41eac9ee52dcd4db9c3bbcd4630366cb151d6f,bd815cf660f51626172389db12ca3307e94e4c0600fa91bb13a1d5c96d79d35c,"1965-09-08 12:15:23","2006-12-28 00:09:37","017687 43645",0749-873-427,NINO,"SC 85 13 52 A",https://randomuser.me/api/portraits/men/38.jpg,https://randomuser.me/api/portraits/med/men/38.jpg,https://randomuser.me/api/portraits/thumb/men/38.jpg,GB
female,ms,tina,schröter,"2991 industriestraße",mannheim,rheinland-pfalz,47628,tina.schröter@example.com,tinygorilla926,cardinal,obhQmyis,59576fef6a92b731adf2fe37b3766f2c,c909c32c722f38b29cee2f88182e652f1a9a1f21,ba72a51d93f14f979b0e2a230a14f417d7ddc29e1ba86dee297d4c001c2d3981,"1983-11-21 19:04:04","2006-04-09 05:43:25",0591-4206688,0178-3268106,,,https://randomuser.me/api/portraits/women/49.jpg,https://randomuser.me/api/portraits/med/women/49.jpg,https://randomuser.me/api/portraits/thumb/women/49.jpg,DE
male,mr,leslie,bowman,"3003 queens road",coventry,"tyne and wear","KO85 2BZ",leslie.bowman@example.com,crazyfrog747,sander,da3Po4s4,e61294d9901eecf64083d05576152878,9e8dea9a07f9a8a28ac729c210f604f6566f9b07,cd4ee7ee626368327e3d2160f297bb35c6ae3d93f76aa849f5e0ff54934f4224,"1985-01-05 04:57:08","2003-06-04 04:44:00","016974 15671",0725-745-500,NINO,"GR 99 20 12 X",https://randomuser.me/api/portraits/men/62.jpg,https://randomuser.me/api/portraits/med/men/62.jpg,https://randomuser.me/api/portraits/thumb/men/62.jpg,GB
female,mrs,abigail,lucas,"4411 timber wolf trail",shreveport,"new jersey",62296,abigail.lucas@example.com,ticklishfish948,butcher,hSiKfTOz,af3c0206f790853804bd44e97aa72883,c49ad350f12187bef7b9dc8f7bb8fbecbbbfedcf,a1589da2c7a1fa2f051dd846c149145dfc622bc8240d2c7c3660a55f5e3279b4,"1969-12-13 17:50:32","2006-09-25 23:42:01",(567)-696-0447,(333)-625-8427,SSN,473-58-2378,https://randomuser.me/api/portraits/women/17.jpg,https://randomuser.me/api/portraits/med/women/17.jpg,https://randomuser.me/api/portraits/thumb/women/17.jpg,US
male,mr,mike,carlson,"1288 west street",swansea,"county down","H9U 8JA",mike.carlson@example.com,goldentiger155,tarpon,sH5kwRBp,57a0d20e64bbef2254f113ac1c22750d,903b7e83374a8333da4205f66773fe42b1205264,ed2a8a3c29c71e941cef1d56e6cceade3b07a66a4ce290ab6c8bb939e5661011,"1953-07-27 15:24:28","2016-05-07 00:05:34","013873 68447",0733-838-051,NINO,"WN 61 05 37 M",https://randomuser.me/api/portraits/men/93.jpg,https://randomuser.me/api/portraits/med/men/93.jpg,https://randomuser.me/api/portraits/thumb/men/93.jpg,GB
male,mr,mario,rau,"6774 gartenweg",erding,sachsen,50047,mario.rau@example.com,beautifulswan416,cruiser,iCYZoG2I,1bfe16be3ea9457fdb247846b2e883b9,7bc1ff67ae9945851a24d55d17b51a94d3723f3e,76371268c966809d5e02cc758e66b9d68cb28fc430a508fb745d702a425e1168,"1981-07-13 07:04:57","2008-09-21 09:59:51",0678-9484685,0172-0698561,,,https://randomuser.me/api/portraits/men/33.jpg,https://randomuser.me/api/portraits/med/men/33.jpg,https://randomuser.me/api/portraits/thumb/men/33.jpg,DE
female,miss,ellen,cunningham,"5222 kingsway",aberdeen,tayside,"Q61 7US",ellen.cunningham@example.com,bluefish697,chang,W3Mn4INM,e06b7a194200c642032c0b33d402c004,258675f57b3ac115a837206c85703bd619375226,edf2f9d9c186f652270f7077e83c0f2b1879aab97054a7267e3a6be7eb66fb03,"1951-09-26 08:50:39","2012-10-13 17:07:55","015395 97953",0772-993-639,NINO,"ES 36 71 32 B",https://randomuser.me/api/portraits/women/45.jpg,https://randomuser.me/api/portraits/med/women/45.jpg,https://randomuser.me/api/portraits/thumb/women/45.jpg,GB
male,mr,sven,marquardt,"3774 mittelstraße",potsdam-mittelmark,thüringen,40338,sven.marquardt@example.com,brownfrog390,health,MztJpFq6,9fe2ad32839985858ad7801940604466,e81ac1762aafeb471eea452f2b544965fa3ef7c3,d926c457c347e1c6ca740c4013f2142b77c689398d1877a3905cad06b7a2bd12,"1978-07-14 11:40:00","2003-11-23 21:23:29",0023-3573583,0170-9668091,,,https://randomuser.me/api/portraits/men/45.jpg,https://randomuser.me/api/portraits/med/men/45.jpg,https://randomuser.me/api/portraits/thumb/men/45.jpg,DE
male,mr,jakob,jäger,"2464 rosenweg","leipziger land",sachsen,84939,jakob.jäger@example.com,tinykoala312,wayne1,vGpMH6V6,457ffa5ddaf0bfece3676ad9eb9238e1,aacd3f80306da2aed69afd9c59351576c1f7a8c3,c3e0947ac22cd3ac8ad7f2ae91eac7952cf93c6f3949f7fd0205fb10edfff060,"1985-06-03 01:20:14","2016-06-27 00:53:59",0736-0950151,0171-1958206,,,https://randomuser.me/api/portraits/men/8.jpg,https://randomuser.me/api/portraits/med/men/8.jpg,https://randomuser.me/api/portraits/thumb/men/8.jpg,DE
male,mr,darrell,garza,"6818 lone wolf trail",bakersfield,nebraska,56769,darrell.garza@example.com,greenkoala336,clayton,4vFy9QFZ,03859fd649d8e3c3f121c93e04fa1ddc,0c06d5d4fe9f4b2e99c5950e9fbfef980a299d0c,14b5df57b4173c1bfd45cbd347c6d9a5e5ea50f8157e842840c4528dddaa880a,"1947-10-09 14:34:32","2007-03-19 21:02:33",(522)-527-7867,(941)-671-6876,SSN,950-58-9136,https://randomuser.me/api/portraits/men/84.jpg,https://randomuser.me/api/portraits/med/men/84.jpg,https://randomuser.me/api/portraits/thumb/men/84.jpg,US
male,mr,sven,schindler,"4554 ahornweg",neuburg-schrobenhausen,sachsen,35269,sven.schindler@example.com,smallwolf863,hendrix,5vmvJhtR,aec6d38f3d8096127d716c202bd6204c,cb10f11512b673d80042e503db6173b45a311760,16400df7b6cbbb57529b63fc20d94a4f9ab3789cf1e67c301dd9768a8df4183e,"1978-03-19 13:07:44","2009-12-04 17:24:31",0496-3552173,0170-3886774,,,https://randomuser.me/api/portraits/men/49.jpg,https://randomuser.me/api/portraits/med/men/49.jpg,https://randomuser.me/api/portraits/thumb/men/49.jpg,DE
male,mr,gary,ellis,"4790 highfield road",wolverhampton,grampian,"P5N 7TR",gary.ellis@example.com,organicbear391,roscoe,QPfSJafa,3437aec5a762d5230811c0087f5231d1,713894872bc46be8744ef4a8e1986eda973a9a42,131b0a5a39ee81d4f75ce6a579377691ba59d711a77a42eb00f9ef8a7a0aee8a,"1989-02-19 16:01:30","2014-01-06 02:19:28","01400 114930",0784-830-757,NINO,"ML 63 29 87 N",https://randomuser.me/api/portraits/men/70.jpg,https://randomuser.me/api/portraits/med/men/70.jpg,https://randomuser.me/api/portraits/thumb/men/70.jpg,GB
female,ms,theresa,maurer,"8832 kirchstraße",ostprignitz-ruppin,hamburg,23623,theresa.maurer@example.com,crazyleopard221,1027,fgOsEJ6l,90583b4bc7e695b71c7492b2c813c6e5,90f1909b4b4ef404de0676e93bc19ec61140f70b,9ddbcdd0bf0ffcd5ba4517bc50ad061ea474c233c62ea3f2094dba63945f39a2,"1979-09-17 17:39:20","2003-06-13 10:45:57",0238-8395915,0171-9166522,,,https://randomuser.me/api/portraits/women/93.jpg,https://randomuser.me/api/portraits/med/women/93.jpg,https://randomuser.me/api/portraits/thumb/women/93.jpg,DE
female,mrs,beatrice,neal,"1476 w dallas st",jackson,minnesota,46707,beatrice.neal@example.com,smalllion832,chelsea1,J0Jnraa0,cf00177841631e33fa0d6db1bcb79429,afa41e9a3f90b9b3c46c8b9bfdc79d56db822404,15decd15e10be7ac4f34351d41473f17671570450dd2ddd2f4ca835a43e860c2,"1945-07-11 02:59:05","2003-02-20 00:33:26",(328)-582-0720,(180)-245-6756,SSN,061-63-0833,https://randomuser.me/api/portraits/women/39.jpg,https://randomuser.me/api/portraits/med/women/39.jpg,https://randomuser.me/api/portraits/thumb/women/39.jpg,US
male,mr,thomas,neal,"2241 pecan acres ln",hialeah,colorado,29278,thomas.neal@example.com,whiteladybug845,stevens,YNEgCrex,6c2460aa4b9699669b971955a3764814,385ff9b9991166291f5c95c5dbfed3b54dd03c99,c0f7dc1e1f7e9dff9ca6dfb95336d7c6dfbb45905c351087d1cf27e26dccfc04,"1963-10-09 19:44:59","2010-01-05 11:19:25",(073)-874-9882,(955)-554-8963,SSN,786-27-1039,https://randomuser.me/api/portraits/men/37.jpg,https://randomuser.me/api/portraits/med/men/37.jpg,https://randomuser.me/api/portraits/thumb/men/37.jpg,US
female,mrs,theresa,rieger,"5482 königsberger straße","sankt wendel",baden-württemberg,73291,theresa.rieger@example.com,bigbutterfly370,greatone,9E2ptg3R,55c62e326b84a7aad744238130d14254,ea6bb4117be3526ed2d1aeb5250fd2e5a539c0cf,a95a4ee9281ea6c2598cf80fb04ccd6d3175e5275e6bc5c4367c32919dfd236c,"1944-12-08 13:37:05","2006-02-08 11:29:59",0816-5661582,0173-4665418,,,https://randomuser.me/api/portraits/women/66.jpg,https://randomuser.me/api/portraits/med/women/66.jpg,https://randomuser.me/api/portraits/thumb/women/66.jpg,DE
male,mr,marius,jakob,"6587 meisenweg",kusel,rheinland-pfalz,75159,marius.jakob@example.com,orangebear257,dixie1,uFDlgrRX,630059e46ab346398dc1a34544b2f3d0,e1e1f44d960c126db730a70b10f1dffc505193e4,e0a7817012d3a45635dda1d5b8580ba8468b2cf2ba4be9152c08e2aafff2f60a,"1960-06-30 17:22:09","2005-05-15 12:51:51",0804-8116399,0170-1072241,,,https://randomuser.me/api/portraits/men/73.jpg,https://randomuser.me/api/portraits/med/men/73.jpg,https://randomuser.me/api/portraits/thumb/men/73.jpg,DE
